City,Cloudiness,Country,Date,Humidity,Lat,Lon,Max Temp,Wind Speed
Busselton,0,AU,1581537448,48,-33.65,115.33,71.01,9.64
Lahaina,20,US,1581537423,64,20.88,-156.68,75.2,4.7
Magdalena,20,PH,1581537448,78,14.2,121.43,75.2,4.7
Cabo San Lucas,5,MX,1581537449,55,22.89,-109.91,73.0,9.17
Pangnirtung,40,CA,1581537448,67,66.15,-65.71,-22.0,1.43
George Town,40,MY,1581537427,88,5.41,100.34,80.6,8.05
Pierre,75,US,1581537449,65,44.37,-100.35,9.0,21.92
Ushuaia,40,AR,1581537450,50,-54.8,-68.3,55.4,23.04
Miguel Hidalgo,5,MX,1581537450,22,19.42,-99.2,80.6,6.93
Hermanus,0,ZA,1581537450,79,-34.42,19.23,72.0,7.0
Saskylakh,100,RU,1581537450,86,71.92,114.08,-17.59,8.3
Bluff,89,NZ,1581537450,95,-46.6,168.33,57.99,5.01
Hokitika,100,NZ,1581537451,82,-42.72,170.97,59.0,3.85
Chabahar,36,IR,1581537451,82,25.29,60.64,66.2,9.26
Alyangula,31,AU,1581537451,83,-13.85,136.42,84.2,8.05
Novovarshavka,33,RU,1581537451,79,54.17,74.69,-0.72,10.69
Port Elizabeth,0,ZA,1581537451,73,-33.92,25.57,71.6,14.99
Rovaniemi,90,FI,1581537452,92,66.5,25.72,30.2,10.29
Anchorage,90,US,1581537220,79,61.22,-149.9,23.0,14.99
Manaure,20,CO,1581537452,41,11.78,-72.44,93.2,20.8
Hithadhoo,70,MV,1581537453,77,-0.6,73.08,82.87,9.13
Mataura,100,NZ,1581537453,95,-46.19,168.86,57.99,5.01
Kapaa,75,US,1581537419,88,22.08,-159.32,73.4,13.87
Back Mountain,1,US,1581537453,44,41.34,-76.0,43.0,6.78
Saint-Augustin,3,CA,1581537413,81,51.23,-58.65,20.17,10.76
Chester,1,US,1581537454,48,40.13,-75.87,46.99,6.93
Kaitangata,100,NZ,1581537454,59,-46.28,169.85,68.0,15.21
Severo-Kuril'sk,87,RU,1581537454,92,50.68,156.12,19.51,10.02
Raffadali,100,IT,1581537454,59,37.4,13.53,53.01,4.7
Iqaluit,20,CA,1581537454,61,63.75,-68.51,-23.01,11.41
Port Alfred,0,ZA,1581537455,85,-33.59,26.89,69.01,5.01
Palmer,75,US,1581537455,41,42.16,-72.33,45.0,6.93
Hamilton,90,US,1581537305,96,39.18,-84.53,37.4,6.93
Marmato,75,CO,1581537456,56,5.48,-75.59,71.6,8.05
Jamestown,1,US,1581537326,78,42.1,-79.24,37.99,13.87
Vardo,100,NO,1581537456,79,70.37,31.11,24.8,26.4
Parnarama,1,BR,1581537456,88,-5.68,-43.09,78.64,1.5
Mackay,1,AU,1581537456,94,-21.15,149.2,73.4,6.93
Thompson,90,CA,1581537457,62,55.74,-97.86,-16.6,13.87
Marshfield,90,US,1581537457,55,44.67,-90.17,37.99,11.41
Mwinilunga,98,ZM,1581537457,93,-11.74,24.43,65.01,1.57
Bonavista,100,CA,1581537457,86,48.65,-53.11,28.99,11.01
Dunedin,100,NZ,1581537458,59,-45.87,170.5,68.0,8.95
Albany,1,US,1581537165,76,42.6,-73.97,42.01,4.7
Mahebourg,20,MU,1581537409,83,-20.41,57.7,80.6,11.41
Broken Hill,1,AU,1581537458,68,-31.95,141.43,69.8,11.41
Provideniya,75,RU,1581537459,77,64.38,-173.3,5.0,2.24
Punta Arenas,90,CL,1581537459,56,-53.15,-70.92,59.0,20.8
Okha,100,RU,1581537459,92,53.57,142.95,8.74,14.9
Hervey Bay,90,AU,1581537459,88,-25.3,152.85,81.0,8.05
Nishihara,20,JP,1581537530,88,26.18,127.76,69.8,10.29
Morondava,0,MG,1581537530,96,-20.28,44.28,75.07,1.03
Mar del Plata,0,AR,1581537530,81,-38.0,-57.56,86.0,31.0
Lompoc,1,US,1581537530,48,34.64,-120.46,69.01,5.82
Nosy Varika,7,MG,1581537531,92,-20.58,48.53,74.98,6.91
Chui,0,UY,1581537531,61,-33.7,-53.46,73.81,13.73
Broome,1,US,1581537531,55,42.25,-75.83,39.99,4.7
Rikitea,100,PF,1581537421,78,-23.12,-134.97,79.11,17.52
Yellowknife,20,CA,1581537430,73,62.46,-114.35,-27.0,6.93
Kuytun,94,RU,1581537532,98,54.34,101.5,-2.13,2.84
Mareeba,0,AU,1581537532,74,-17.0,145.43,78.8,3.36
Nikolskoye,90,RU,1581537532,86,59.7,30.79,35.01,6.71
Kedougou,0,SN,1581537532,17,12.56,-12.17,82.92,4.27
Qaanaaq,7,GL,1581537417,57,77.48,-69.36,-16.22,4.25
Hambantota,0,LK,1581537533,80,6.12,81.12,80.24,26.33
Tuktoyaktuk,5,CA,1581537533,67,69.45,-133.04,-25.6,6.93
Constitucion,22,CL,1581537533,56,-35.33,-72.42,63.45,19.17
Srivardhan,0,IN,1581537534,66,18.03,73.02,74.44,3.98
Coro,0,VE,1581537534,76,11.4,-69.67,79.45,19.3
Alpena,1,US,1581537367,48,45.06,-83.43,39.99,14.99
Samarai,91,PG,1581537534,89,-10.62,150.67,78.24,5.75
Vaini,75,TO,1581537424,88,-21.2,-175.2,77.0,8.05
East London,49,ZA,1581537535,75,-33.02,27.91,74.59,21.09
Ponta do Sol,20,PT,1581537535,72,32.67,-17.1,64.4,4.7
Liuhe,100,CN,1581537535,97,42.24,125.72,29.07,5.75
Butaritari,100,KI,1581537536,84,3.07,172.79,81.86,17.92
Sitka,90,US,1581537536,86,57.05,-135.33,39.2,6.93
Puerto Carreno,20,CO,1581537536,32,6.19,-67.49,98.6,9.17
Antofagasta,40,CL,1581537331,60,-23.65,-70.4,73.4,13.87
Naze,40,JP,1581537537,94,28.37,129.48,68.0,8.05
Sao Filipe,0,CV,1581537461,62,14.9,-24.5,71.6,13.51
Karratha,0,AU,1581537537,72,-20.74,116.85,81.34,15.37
Sattahip,20,TH,1581537537,69,12.67,100.9,88.0,9.17
Atuona,0,PF,1581537538,77,-9.8,-139.03,81.45,16.89
Kodiak,90,US,1581537538,86,57.79,-152.41,33.8,17.22
Ayagoz,66,KZ,1581537538,64,47.97,80.44,5.16,8.79
Ghanzi,7,BW,1581537538,63,-21.57,21.78,71.85,8.72
Shihezi,0,CN,1581537538,89,44.3,86.03,1.8,3.42
Barrow,1,US,1581537539,74,71.29,-156.79,-23.8,4.7
Saint George's,75,GD,1581537539,70,12.06,-61.75,84.2,20.8
Quartucciu,97,IT,1581537539,66,39.25,9.18,57.2,8.05
Guerrero Negro,0,MX,1581537386,29,27.98,-114.06,66.79,6.53
Barra de Tecoanapa,0,MX,1581537539,29,16.52,-98.75,94.6,10.71
Tiksi,36,RU,1581537540,91,71.69,128.87,-27.63,5.37
Avarua,100,CK,1581537540,74,-21.21,-159.78,82.4,10.29
Khatanga,89,RU,1581537540,96,71.97,102.5,-3.37,9.86
Puerto Ayora,20,EC,1581537409,66,-0.74,-90.35,86.0,23.04
Grootfontein,10,,1581537541,62,-19.57,18.12,69.1,3.06
North Platte,90,US,1581537541,55,41.12,-100.77,37.4,26.4
Sur,56,OM,1581537541,74,22.57,59.53,67.77,15.03
Saint-Philippe,99,RE,1581537612,74,-21.36,55.77,80.6,4.7
Kahului,20,US,1581537601,64,20.89,-156.47,75.2,4.7
Vao,78,NC,1581537428,90,-22.67,167.48,80.8,16.67
Chenzhou,100,CN,1581537612,97,25.8,113.03,59.85,2.37
Port Macquarie,90,AU,1581537455,100,-31.43,152.92,72.0,8.23
Kruisfontein,0,ZA,1581537613,92,-34.0,24.73,67.05,4.7
Rio Claro,75,BR,1581537613,73,-22.41,-47.56,75.2,11.41
Chern,100,RU,1581537614,96,53.45,36.91,23.77,5.99
Esim,9,GH,1581537614,81,4.87,-2.24,79.75,4.88
Salalah,31,OM,1581537614,44,17.02,54.09,75.2,25.28
Plymouth,1,US,1581537614,36,41.83,-70.83,45.0,4.7
Waipawa,100,NZ,1581537614,77,-41.41,175.52,66.0,27.51
Ibotirama,49,BR,1581537615,65,-12.19,-43.22,80.28,2.42
Coahuayana Viejo,40,MX,1581537615,57,18.73,-103.68,77.0,11.41
Bredasdorp,1,ZA,1581537615,83,-34.53,20.04,72.0,11.41
Westport,1,US,1581537333,41,41.14,-73.36,46.0,8.05
Port-Gentil,75,GA,1581537616,83,-0.72,8.78,84.2,8.05
Petra,0,JO,1581537616,57,30.32,35.48,48.4,3.78
Ternate,100,ID,1581537616,93,0.8,127.4,73.58,1.68
Mahon,100,ES,1581537617,87,39.89,4.27,51.8,6.93
Fallon,20,US,1581537587,36,39.47,-118.78,57.0,4.7
Yumen,94,CN,1581537473,62,40.28,97.2,25.74,17.76
New Norfolk,90,AU,1581537498,71,-42.78,147.06,57.2,1.12
Avera,90,US,1581537618,78,33.19,-82.53,73.0,5.82
Kalmunai,82,LK,1581537437,77,7.42,81.82,80.4,21.47
Sioux Lookout,5,CA,1581537328,56,50.1,-91.92,-14.8,9.17
Yulara,0,AU,1581537519,22,-25.24,130.99,87.8,10.29
Cape Town,20,ZA,1581537320,93,-33.93,18.42,69.01,10.29
Batemans Bay,100,AU,1581537619,97,-35.72,150.18,69.01,1.01
Tual,72,ID,1581537475,77,-5.67,132.75,82.8,14.36
Upata,34,VE,1581537619,71,8.01,-62.4,79.41,7.9
Hong Gai,90,VN,1581537619,88,20.96,107.09,71.6,6.93
Hobart,90,AU,1581537618,71,-42.88,147.33,57.2,1.12
Tasiilaq,90,GL,1581537431,79,65.61,-37.64,19.4,34.45
Bulle,20,CH,1581537620,69,46.62,7.06,39.99,3.36
Pemberton,90,CA,1581537620,80,50.32,-122.8,37.99,1.86
Karatuzskoye,93,RU,1581537620,85,53.61,92.87,6.94,1.97
Stepnogorsk,100,KZ,1581537621,82,52.35,71.89,1.72,10.67
Marau,40,BR,1581537621,54,-28.45,-52.2,78.8,11.41
Torbay,90,CA,1581537621,92,47.67,-52.73,30.0,25.28
Scottsbluff,90,US,1581537621,59,41.87,-103.67,33.8,20.8
Lewistown,1,US,1581537622,52,40.6,-77.57,45.0,7.7
Fortuna,1,US,1581537622,76,40.6,-124.16,55.99,5.82
Hong Kong,20,HK,1581537585,93,22.29,114.16,69.01,6.93
Saint George,1,US,1581537480,23,37.1,-113.58,51.8,2.89
Souillac,20,MU,1581537442,83,-20.52,57.52,80.6,11.41
Katsuura,75,JP,1581537623,72,35.13,140.3,60.01,8.05
Salisbury,90,GB,1581537407,81,51.07,-1.8,44.01,9.17
Arrondissement de Bastia,60,FR,1581537623,70,42.67,9.33,54.0,4.7
Saldanha,1,ZA,1581537624,77,-33.01,17.94,66.2,8.05
Floro,40,NO,1581537436,80,61.6,5.03,35.01,8.05
Moron,0,AR,1581537550,42,-34.65,-58.62,90.0,14.99
Miracema do Tocantins,100,BR,1581537694,85,-9.56,-48.4,81.34,1.16
Arraial do Cabo,90,BR,1581537605,94,-22.97,-42.03,73.4,14.99
Aksarka,98,RU,1581537695,94,66.56,67.8,14.09,11.5
Norrtaelje,75,SE,1581537695,93,59.76,18.7,39.0,13.87
Tocopilla,100,CL,1581537695,25,-22.09,-70.2,74.75,11.25
San Cristobal,40,VE,1581537613,49,7.77,-72.22,89.6,13.87
Bowen,40,AU,1581537433,94,-20.02,148.23,75.0,3.36
Toamasina,40,MG,1581537696,83,-18.17,49.38,78.8,10.29
Luderitz,1,,1581537503,82,-26.65,15.16,68.0,8.05
Sergeevka,85,KZ,1581537697,73,53.88,67.42,-0.87,3.78
Barretos,100,BR,1581537697,92,-20.56,-48.57,75.72,1.77
Nouadhibou,0,MR,1581537673,29,20.93,-17.03,78.8,12.75
Baykit,100,RU,1581537431,98,61.67,96.37,-5.78,4.03
Ongandjera,33,,1581537698,35,-17.88,15.07,77.25,17.83
Sembakung,98,ID,1581537698,92,3.82,117.25,74.93,4.45
Oussouye,0,SN,1581537698,50,12.48,-16.55,72.99,7.0
Paranhos,4,BR,1581537698,61,-23.89,-55.43,83.68,6.22
Thinadhoo,100,MV,1581537699,79,0.53,72.93,82.67,10.63
Ormara,59,PK,1581537699,60,25.21,64.64,73.53,12.03
Kiryat Gat,0,IL,1581537496,66,31.61,34.76,55.99,5.82
Sao Joao da Barra,90,BR,1581537699,88,-21.64,-41.05,77.0,4.7
Upernavik,100,GL,1581537700,98,72.79,-56.15,-12.14,1.28
San Luis de la Paz,11,MX,1581537700,31,21.3,-100.52,77.0,13.0
Kotelnikowo,100,RU,1581537700,97,47.63,43.15,33.06,19.01
Touros,75,BR,1581537676,62,-5.2,-35.46,86.0,18.34
Moissala,42,TD,1581537701,14,8.34,17.77,73.54,4.7
Dikson,100,RU,1581537701,92,73.51,80.55,19.04,21.77
Rantauprapat,98,ID,1581537701,97,2.1,99.83,74.73,1.14
Riyadh,0,SA,1581537403,24,24.69,46.72,44.6,5.82
'Ewa Beach,75,US,1581537702,78,21.32,-158.01,73.99,8.32
Srednekolymsk,88,RU,1581537702,70,67.45,153.68,-26.18,6.22
Vavuniya,94,LK,1581537702,85,8.75,80.5,73.72,7.99
Zhezkazgan,100,KZ,1581537703,95,47.8,67.71,16.93,13.13
Baruun-Urt,100,MN,1581537703,94,46.68,113.28,8.82,16.8
Mossamedes,15,AO,1581537703,86,-15.2,12.15,74.34,16.53
Port Moresby,75,PG,1581537703,94,-9.44,147.18,75.2,11.41
Mezen,100,RU,1581537464,89,65.85,44.24,31.69,14.34
Yarada,0,IN,1581537704,56,17.65,83.27,76.23,1.86
Bam,0,IR,1581537428,26,29.11,58.36,46.22,5.21
Ndioum,0,SN,1581537704,16,16.51,-14.65,83.59,9.75
Savelugu,0,GH,1581537704,6,9.62,-0.83,81.81,8.84
Moyo,9,UG,1581537705,29,3.66,31.72,77.63,5.41
Araouane,0,ML,1581537705,15,18.9,-3.53,76.12,9.62
Preobrazheniye,7,RU,1581537705,78,42.9,133.91,32.11,3.85
San Quintin,0,MX,1581537705,45,30.48,-115.95,62.55,8.5
Banepa,20,NP,1581537705,93,27.63,85.52,46.4,3.36
Port Augusta,90,AU,1581537706,83,-32.5,137.77,69.8,9.17
Maputo,75,MZ,1581537695,78,-25.97,32.59,77.0,8.05
Aden,81,YE,1581537776,71,12.78,45.04,77.07,13.13
Waddan,23,LY,1581537776,21,29.16,16.14,58.89,1.12
Marzuq,23,YE,1581537777,68,14.4,46.47,57.47,11.07
Arkhipo-Osipovka,100,RU,1581537777,79,44.37,38.52,36.09,5.68
Ixtapa,75,MX,1581537777,61,20.7,-105.2,79.0,4.92
Nyurba,0,RU,1581537777,96,63.28,118.33,-25.33,4.59
Davila,33,PH,1581537777,76,18.47,120.58,74.95,7.74
Norman Wells,20,CA,1581537778,75,65.28,-126.83,-20.2,9.17
Altamont,1,US,1581537778,48,42.21,-121.74,48.99,0.45
Malakal,0,SS,1581537778,14,9.53,31.66,76.37,7.72
Dudinka,75,RU,1581537778,84,69.41,86.18,8.6,29.08
Richards Bay,0,ZA,1581537681,74,-28.78,32.04,75.47,7.45
Sarkikaraagac,99,TR,1581537779,96,38.08,31.37,34.99,4.81
Cherskiy,0,RU,1581537779,73,68.75,161.3,-12.01,4.97
San Ramon de la Nueva Oran,75,AR,1581537779,55,-23.13,-64.33,84.99,1.99
Ribeira Grande,20,PT,1581537671,77,38.52,-28.7,62.6,11.41
Isangel,99,VU,1581537780,82,-19.55,169.27,83.37,1.05
Portland,90,US,1581537673,81,45.52,-122.68,48.99,9.17
Deputatsky,100,RU,1581537671,96,69.3,139.9,-13.97,4.7
Jiwani,0,PK,1581537781,71,25.05,61.74,71.11,14.41
Hilo,1,US,1581537547,78,19.73,-155.09,75.99,9.17
Bengkulu,64,ID,1581537665,93,-3.8,102.27,74.52,3.18
Brae,61,GB,1581537781,80,60.4,-1.35,41.0,3.36
Nouakchott,0,MR,1581537782,22,18.09,-15.98,89.6,6.93
Saveh,0,IR,1581537782,38,35.02,50.36,33.96,13.38
Sambava,100,MG,1581537782,95,-14.27,50.17,73.89,1.99
Anadyr,90,RU,1581537782,85,64.75,177.48,12.2,20.13
Coyhaique,40,CL,1581537783,48,-45.58,-72.07,60.8,8.05
Opuwo,50,,1581537678,45,-18.06,13.84,69.69,6.4
Nanortalik,0,GL,1581537783,48,60.14,-45.24,16.29,12.97
La Ronge,5,CA,1581537783,46,55.1,-105.28,-14.8,6.93
Kununurra,27,AU,1581537504,94,-15.77,128.73,78.8,3.78
Bethel,1,US,1581537655,41,41.37,-73.41,46.0,6.93
Bilma,98,NE,1581537784,19,18.69,12.92,59.68,3.71
Turinskaya Sloboda,100,RU,1581537784,94,57.62,64.39,17.01,5.77
Kirakira,100,SB,1581537485,76,-10.45,161.92,81.34,7.45
Margherita,18,IN,1581537785,75,27.28,95.68,60.03,2.73
Krasyukovskaya,75,RU,1581537785,96,47.55,40.11,35.6,22.37
Faanui,21,PF,1581537785,78,-16.48,-151.75,82.06,14.38
Padang,95,ID,1581537785,94,-0.95,100.35,69.64,2.42
Castro,50,BR,1581537786,92,-24.79,-50.01,66.4,3.22
Pevek,0,RU,1581537786,71,69.7,170.31,-4.81,2.33
Birjand,0,IR,1581537787,80,32.87,59.22,30.2,9.17
Nayudupet,0,IN,1581537787,86,13.9,79.9,69.76,1.74
Alizai,100,PK,1581537668,83,33.54,70.35,46.2,2.21
Constantine,100,DZ,1581537787,71,36.37,6.61,51.8,1.97
Hasaki,75,JP,1581537668,87,35.73,140.83,54.0,5.82
Lebu,0,CL,1581537788,47,-37.62,-73.65,65.35,11.39
Kiunga,100,PG,1581537495,93,-6.12,141.29,71.73,1.68
Tura,0,IN,1581537788,53,25.52,90.22,56.5,1.39
Mongoumba,34,CF,1581537858,27,3.64,18.59,73.72,2.95
Maralal,48,KE,1581537859,66,1.1,36.7,69.22,11.03
Djebeniana,20,TN,1581537859,72,35.03,10.91,59.0,3.36
Kurumkan,0,RU,1581537859,70,54.3,110.3,-12.89,2.01
Rio Grande City,90,US,1581537796,81,26.38,-98.82,61.0,11.41
Meulaboh,100,ID,1581537684,82,4.14,96.13,81.18,5.26
Inhambane,40,MZ,1581537860,78,-23.86,35.38,80.6,4.7
Havre-Saint-Pierre,1,CA,1581537860,79,50.23,-63.6,24.8,18.34
Airai,97,TL,1581537860,88,-8.93,125.41,67.89,3.42
Alekseyevsk,64,RU,1581537861,99,57.84,108.35,-10.97,3.36
Kutum,0,SD,1581537861,18,14.2,24.67,49.1,7.67
Waterboro,1,US,1581537861,44,43.54,-70.72,42.01,9.17
Rafraf,20,TN,1581537861,81,37.19,10.18,53.6,2.24
Khani,90,GE,1581537861,93,41.96,42.96,33.8,5.82
Leningradskiy,0,RU,1581537664,96,69.38,178.42,-17.03,10.78
Arrondissement de Niort,41,FR,1581537862,86,46.33,-0.33,48.2,3.36
Mangan,0,IN,1581537862,56,27.52,88.53,38.55,2.62
Vilyuysk,0,RU,1581537863,96,63.76,121.62,-28.43,4.92
Ordu,40,TR,1581537863,100,40.91,37.68,39.2,2.24
Plettenberg Bay,0,ZA,1581537863,80,-34.05,23.37,70.2,2.35
Kumul,0,CN,1581537863,52,42.8,93.45,16.57,1.68
Adrar,0,MR,1581537863,28,20.5,-10.07,76.39,8.55
Clyde River,40,CA,1581537864,76,70.47,-68.59,-11.2,18.34
Bubaque,0,GW,1581537864,70,11.28,-15.83,79.93,15.9
Arlit,100,NE,1581537864,13,18.74,7.39,66.74,3.22
Magadan,100,RU,1581537864,62,59.57,150.8,1.89,3.4
Oytal,100,KZ,1581537865,78,42.91,73.27,34.79,3.36
Raudeberg,40,NO,1581537865,80,61.99,5.14,35.01,8.05
Novokuznetsk,0,RU,1581537865,76,53.76,87.11,1.47,2.66
Kavaratti,0,IN,1581537865,69,10.57,72.64,81.59,6.58
Petropavlovsk-Kamchatsky,0,RU,1581537685,61,53.05,158.65,14.0,6.71
Cananea,0,MX,1581537714,56,30.95,-110.3,52.0,3.0
Balikpapan,99,ID,1581537866,81,-1.27,116.83,81.19,13.78
Muros,75,ES,1581537675,100,42.78,-9.06,59.0,9.17
Manta,75,EC,1581537866,70,-0.95,-80.73,86.0,10.29
Tommot,100,RU,1581537867,96,58.96,126.29,-11.72,8.19
Columbus,90,US,1581537653,80,39.96,-83.0,37.99,5.82
Los Llanos de Aridane,40,ES,1581537867,82,28.66,-17.92,68.0,11.41
Sorland,40,NO,1581537867,64,67.67,12.69,35.6,4.7
Libres,0,MX,1581537868,26,19.47,-97.68,70.14,16.4
Port Blair,12,IN,1581537868,75,11.67,92.75,79.45,17.38
General Artigas,75,PY,1581537868,58,-26.93,-56.22,86.0,4.7
Lata,90,PT,1581537869,87,40.16,-8.33,57.0,3.36
Chapleau,90,CA,1581537869,86,47.84,-83.4,26.6,8.05
Otjiwarongo,75,,1581537769,53,-20.46,16.65,73.4,3.36
Port Lincoln,88,AU,1581537869,88,-34.73,135.87,66.33,11.07
Colares,40,PT,1581537870,87,38.8,-9.45,57.0,2.24
Bacolod City,66,PH,1581537870,80,10.67,122.95,72.66,4.16
Uray,100,RU,1581537870,96,60.12,64.78,17.17,4.9
Karasjok,56,NO,1581537870,78,69.47,25.51,17.6,28.86
Marhaura,48,IN,1581537940,93,25.97,84.87,55.4,6.6
Lorengau,89,PG,1581537941,76,-2.02,147.27,83.55,15.28
Klaksvik,42,FO,1581537941,74,62.23,-6.59,30.2,13.87
Honningsvag,40,NO,1581537941,70,70.98,25.97,32.0,16.11
Nanakuli,75,US,1581537866,78,21.39,-158.15,75.0,8.32
Ucluelet,75,CA,1581537730,87,48.93,-125.55,46.99,2.24
Peniche,90,PT,1581537942,87,39.36,-9.38,57.0,3.36
Sangat,90,PH,1581537942,83,10.14,123.69,77.0,5.82
Saint Anthony,90,US,1581537942,91,45.02,-93.22,33.8,11.41
Kenai,90,US,1581537942,79,60.55,-151.26,25.0,17.22
Juegang,0,CN,1581537943,94,32.32,121.19,46.0,6.82
Eyl,48,SO,1581537943,77,7.98,49.82,77.65,29.59
Ancud,75,CL,1581537676,51,-41.87,-73.82,62.6,13.87
Telica,20,NI,1581537944,34,12.52,-86.86,96.8,4.7
Bertogne,67,BE,1581537944,94,50.08,5.67,37.99,4.7
Dungarpur,0,IN,1581537944,39,23.83,73.72,63.72,4.23
Moerai,34,PF,1581537944,80,-22.43,-151.33,80.51,17.16
Pampa,90,US,1581537945,89,35.54,-100.96,41.0,12.75
Carnarvon,40,AU,1581537945,88,-24.87,113.63,73.4,11.41
Tautira,75,PF,1581537945,74,-17.73,-149.15,86.0,4.7
Yeppoon,0,AU,1581537945,83,-23.13,150.73,73.4,2.24
Hammerfest,75,NO,1581537945,80,70.66,23.68,37.4,25.28
Morros,54,BR,1581537946,78,-9.45,-46.3,79.97,4.36
Wau,0,SS,1581537946,15,7.7,28.0,72.86,5.68
Lauterbach,3,DE,1581537946,94,50.63,9.4,37.99,1.99
Imbituba,75,BR,1581537946,73,-28.24,-48.67,77.0,6.93
Te Anau,24,NZ,1581537947,88,-45.42,167.72,56.59,0.47
Provincia di Mantova,0,IT,1581537947,45,45.17,10.78,51.01,4.7
Nacala,40,MZ,1581537947,83,-14.54,40.67,82.4,2.24
Sobolevo,100,RU,1581537947,97,54.43,31.9,32.79,8.05
Chokurdakh,100,RU,1581537667,81,70.63,147.92,-24.61,2.91
Philadelphia,1,US,1581537676,42,39.95,-75.16,48.2,3.36
Bairiki Village,100,KI,1581537948,82,1.33,172.98,80.64,9.64
Paita,0,PE,1581537923,100,-5.09,-81.11,62.6,14.99
Ayotzintepec,0,MX,1581537948,58,17.67,-96.13,81.0,4.83
Bayan,100,CN,1581537949,97,46.08,127.4,32.14,6.2
Huanren,55,CN,1581537949,99,41.26,125.37,24.24,2.24
College,40,US,1581537832,76,64.86,-147.8,-0.99,4.99
Damietta,0,EG,1581537950,72,31.42,31.81,60.8,6.93
Mogok,0,MM,1581537950,54,22.92,96.5,57.31,2.57
Matay,0,EG,1581537950,69,28.42,30.78,49.69,0.98
Kulhudhuffushi,26,MV,1581537950,70,6.62,73.07,81.97,7.72
Chicama,100,PE,1581537669,78,-7.84,-79.15,75.2,11.41
Vestmannaeyjar,76,IS,1581537951,81,63.44,-20.27,27.95,7.9
Avondale,1,US,1581537951,50,33.44,-112.35,63.0,4.7
Emerald,0,AU,1581537951,88,-23.53,148.17,75.2,2.24
Taltal,99,CL,1581537683,64,-25.4,-70.48,68.7,5.79
Volnovakha,100,UA,1581537952,95,47.6,37.5,33.06,17.02
Kidal,6,ML,1581537952,9,18.44,1.41,71.13,11.56
Lena,40,ES,1581537952,81,43.1,-5.73,55.99,1.12
Grindavik,75,IS,1581538022,92,63.84,-22.43,26.6,9.17
Nome,1,US,1581538023,63,64.5,-165.41,-7.01,3.36
Alihe,100,CN,1581538023,91,50.57,123.72,5.18,3.11
Uruguaiana,20,BR,1581538023,33,-29.75,-57.09,91.4,8.05
Orlik,100,RU,1581538023,98,52.52,99.83,-10.98,2.1
Smithers,90,CA,1581538023,79,54.78,-127.17,28.4,6.93
Sinnamary,68,GF,1581538024,79,5.38,-52.95,78.94,15.57
Algiers,67,DZ,1581537727,82,36.75,3.04,55.4,2.24
Iracoubo,68,GF,1581538024,79,5.48,-53.2,78.94,15.57
Bauchi,59,NG,1581537910,24,10.5,10.0,65.77,6.93
Berlevag,40,NO,1581538025,74,70.86,29.09,30.2,21.92
Vila Franca do Campo,20,PT,1581537916,87,37.72,-25.43,60.8,12.75
Griffith,90,US,1581537882,80,41.53,-87.42,37.0,6.85
Wattegama,79,LK,1581538025,96,6.8,81.48,72.75,7.14
Flinders,90,AU,1581538026,100,-34.58,150.86,71.01,5.82
Taseyevo,56,RU,1581538026,94,57.22,94.9,-0.08,2.55
General Roca,40,AR,1581538026,33,-39.03,-67.58,86.0,11.41
Tvoroyri,99,FO,1581538026,74,61.56,-6.81,30.2,13.87
Russell,40,US,1581538026,65,32.35,-85.2,79.0,19.46
Caraquet,20,CA,1581538027,79,47.79,-64.94,32.0,12.75
Voznesenye,70,RU,1581538027,89,61.01,35.48,31.98,7.2
Williams Lake,75,CA,1581538027,74,52.14,-122.14,28.4,9.17
Kungurtug,100,RU,1581538027,99,50.6,97.52,-8.52,0.87
Jiazi,0,CN,1581538028,92,22.88,116.07,64.47,3.06
Giohar,0,SO,1581538028,66,2.78,45.5,77.38,19.17
Esperance,90,AU,1581538028,93,-33.87,121.9,62.6,5.82
Bria,10,CF,1581538028,30,6.54,21.99,71.51,1.61
Bismarck,1,US,1581537886,64,46.81,-100.78,-2.2,16.11
Ryotsu,90,JP,1581538029,100,38.08,138.43,42.8,5.82
Saurimo,100,AO,1581538029,89,-9.66,20.39,68.68,2.24
Andrews,1,US,1581538029,50,32.32,-102.55,53.6,13.87
Ahipara,49,NZ,1581538029,100,-35.17,173.17,64.0,6.29
Hobyo,0,SO,1581538030,76,5.35,48.53,77.13,22.55
Mikun,99,RU,1581538030,95,62.35,50.08,23.79,8.16
Baniachang,0,BD,1581538030,47,24.52,91.37,59.88,3.8
Nantucket,1,US,1581537913,41,41.28,-70.1,43.0,12.75
Ripoll,75,ES,1581538030,100,42.2,2.19,50.0,6.93
Palafrugell,75,ES,1581538031,100,41.92,3.16,52.0,6.93
Hofn,90,IS,1581538031,58,64.25,-15.21,24.8,18.34
Pisco,40,PE,1581538031,30,-13.7,-76.22,73.99,20.8
Tiznit,78,MA,1581538031,33,29.58,-9.5,59.34,1.66
Strelka,98,RU,1581538031,96,58.07,93.03,0.88,3.02
Codrington,69,AU,1581538032,92,-38.27,141.97,64.98,20.4
Natal,20,BR,1581537790,62,-5.79,-35.21,86.0,16.11
Lavrentiya,97,RU,1581538032,89,65.58,-171.0,-5.49,3.33
Houma,90,US,1581538032,83,29.6,-90.72,79.0,13.87
Helensburgh,50,GB,1581538033,81,56.01,-4.73,36.0,6.93
Kendari,88,ID,1581538033,95,-3.94,122.5,73.89,1.48
Corinth,40,GR,1581538033,82,37.94,22.96,57.99,3.94
Qaqortoq,5,GL,1581538033,35,60.72,-46.03,6.8,5.82
Shimoda,90,JP,1581538104,100,34.67,138.95,50.0,1.12
Coquimbo,20,CL,1581537923,68,-29.95,-71.34,69.8,14.99
Santiago del Estero,0,AR,1581537845,37,-27.8,-64.26,87.46,10.85
Garni,40,AM,1581538105,86,40.12,44.73,28.4,2.24
Laas,0,IT,1581538105,53,46.62,10.7,41.0,3.36
Lagoa,72,PT,1581538105,82,39.05,-27.98,61.38,7.72
Vaitape,21,PF,1581538105,78,-16.52,-151.75,82.06,14.38
Biankouma,47,CI,1581538106,18,7.74,-7.61,77.11,3.71
Tougan,100,BF,1581538106,8,13.07,-3.07,77.04,10.31
Morgan City,90,US,1581538106,94,29.7,-91.21,80.6,24.16
Margate,100,GB,1581538106,65,51.38,1.39,45.0,10.29
Siloam Springs,90,US,1581537962,93,36.19,-94.54,42.8,8.52
Camacha,20,PT,1581538107,82,33.08,-16.33,64.4,3.36
Rong Kwang,47,TH,1581538107,51,18.34,100.32,67.08,1.95
Luba,20,GQ,1581538107,69,3.46,8.55,80.6,4.7
Ilulissat,20,GL,1581538107,44,69.22,-51.1,-0.4,2.24
Neftcala,92,AZ,1581538108,47,39.37,49.25,46.71,22.97
Tigil,85,RU,1581538108,99,57.8,158.67,-6.2,2.51
Indian Head,90,US,1581538108,53,38.6,-77.16,50.0,3.36
Labuhan,100,ID,1581538108,93,-6.88,112.21,75.36,0.6
Sungairaya,40,ID,1581538027,98,0.7,108.9,74.66,2.64
Dingle,7,PH,1581538109,93,11.0,122.67,71.67,8.25
Iguape,99,BR,1581537851,93,-24.71,-47.56,70.11,3.42
Bilibino,0,RU,1581538109,96,68.05,166.44,-17.32,3.31
Erzin,90,TR,1581538109,82,36.96,36.2,41.0,12.75
Husavik,75,IS,1581538110,73,66.04,-17.34,21.2,12.75
Kristinestad,96,FI,1581538110,96,62.27,21.38,33.08,6.62
Moses Lake,1,US,1581538110,49,47.13,-119.28,46.99,4.23
Kavieng,72,PG,1581538110,78,-2.57,150.8,83.64,14.47
Nemuro,3,JP,1581538111,82,43.32,145.57,34.0,13.15
Matara,0,LK,1581538111,83,5.95,80.54,75.04,4.59
Saint-Francois,100,FR,1581538111,80,46.42,3.91,41.0,3.36
San Jose,1,US,1581537868,51,37.34,-121.89,70.0,6.93
Sultanpur,25,IN,1581538112,66,26.27,82.07,55.35,6.29
Ruza,75,RU,1581538112,79,55.7,36.2,28.4,6.71
Konya,75,TR,1581538112,100,38.17,32.5,37.4,6.93
Mayna,100,RU,1581538113,86,54.11,47.62,13.51,9.04
Mitsamiouli,100,KM,1581538113,68,-11.38,43.28,83.93,3.87
Atasu,100,KZ,1581538113,76,48.68,71.64,23.83,16.26
Gari,100,RU,1581538113,95,59.43,62.35,15.28,3.49
Xudat,8,AZ,1581538114,67,41.63,48.68,29.3,7.47
Departamento de Maldonado,40,UY,1581538114,51,-34.67,-54.92,80.6,16.11
Auchi,60,NG,1581538114,18,7.07,6.27,76.87,2.08
Bhojudih,0,IN,1581538114,40,23.63,86.45,60.15,3.06
Kingsville,90,US,1581538114,87,27.52,-97.86,55.4,6.93
Mandera,97,KE,1581538115,36,3.94,41.87,88.93,2.13
Quatre Cocos,20,MU,1581538115,83,-20.21,57.76,80.6,11.41
Nizhnevartovsk,82,RU,1581538115,85,60.93,76.55,10.4,6.71
Bako,7,ET,1581538116,61,5.78,36.57,69.82,4.76
Olafsvik,92,IS,1581538116,63,64.89,-23.71,24.85,14.9
Pervouralsk,100,RU,1581538186,79,56.91,59.94,23.0,6.71
Sorong,100,ID,1581538186,99,-0.88,131.25,73.31,1.1
Kibaya,100,TZ,1581538187,93,-5.3,36.57,62.22,2.33
Tankhoy,100,RU,1581538187,96,51.55,105.13,7.63,2.37
Bundaberg,90,AU,1581538187,88,-24.85,152.35,81.0,8.05
Narsaq,5,GL,1581538098,35,60.92,-46.05,6.8,5.82
Volot,95,RU,1581538187,93,57.93,30.7,33.37,5.64
Sumbal,100,IN,1581538188,97,34.23,74.63,35.62,5.08
Okhotsk,100,RU,1581538188,82,59.38,143.3,-7.4,8.3
Joshimath,0,IN,1581538188,33,30.57,79.57,38.71,9.91
Geraldton,75,AU,1581538188,83,-28.77,114.6,73.4,9.17
Tetela del Volcan,20,MX,1581538189,48,18.87,-98.72,80.6,11.41
Caohe,70,CN,1581538189,96,30.23,115.43,52.47,6.46
Veseloyarsk,4,RU,1581538189,95,51.28,81.11,-4.74,4.14
Khovd,0,MN,1581538189,51,48.01,91.64,5.59,5.86
Yakeshi,100,CN,1581538189,93,49.28,120.73,11.75,12.66
Shenjiamen,17,CN,1581538190,90,29.96,122.3,53.49,6.6
Itoman,20,JP,1581538190,88,26.12,127.67,69.8,10.29
Bullhead City,1,US,1581538190,15,35.15,-114.57,62.01,2.39
Boshan,0,CN,1581538191,70,36.48,117.83,54.0,5.01
Nikolsk,99,RU,1581538191,83,53.72,46.07,13.59,12.46
Pori,75,FI,1581538191,98,61.48,21.78,33.8,4.7
Olinda,20,BR,1581538191,62,-8.01,-34.86,86.0,10.29
Yanggu,0,CN,1581538191,90,36.11,115.78,47.07,9.66
Vestmanna,34,FO,1581538192,74,62.16,-7.17,30.2,13.87
Lokbatan,100,AZ,1581538192,74,40.32,49.73,35.6,6.93
Cockburn Town,40,TC,1581538192,58,21.46,-71.14,82.4,13.87
Kargopol,100,RU,1581538193,95,61.51,38.95,31.71,11.3
Atambua,93,ID,1581538193,88,-9.11,124.89,74.77,1.34
Tomatlan,99,MX,1581538193,29,19.93,-105.25,87.75,4.59
Ulaanbaatar,75,MN,1581537985,77,47.91,106.88,5.0,8.95
North Bend,1,US,1581538194,71,43.41,-124.22,53.01,5.06
Salina,90,US,1581538194,86,38.84,-97.61,36.0,5.23
Fare,11,PF,1581538194,78,-16.7,-151.02,82.04,14.65
Walvis Bay,0,,1581538194,77,-22.96,14.51,68.0,5.82
Karsava,86,LV,1581538195,83,56.78,27.69,35.15,12.57
Socorro,75,US,1581538027,65,31.65,-106.3,48.0,9.17
Roebourne,0,AU,1581538195,63,-20.78,117.13,80.24,10.36
Nagato,75,JP,1581538196,87,34.38,131.2,55.4,11.41
Marawi,99,PH,1581538196,89,8.0,124.29,73.0,4.0
Oistins,20,BB,1581538196,66,13.07,-59.53,84.2,23.04
Champerico,40,GT,1581538196,52,14.3,-91.92,89.6,6.93
Rochester,1,US,1581537660,51,43.15,-77.62,41.0,4.09
Luanda,40,AO,1581538197,78,-8.84,13.23,82.4,9.17
Sakaiminato,75,JP,1581538197,93,35.55,133.23,51.8,2.24
Tabuk,4,PH,1581538198,92,17.42,121.44,64.24,3.8
Acarau,1,BR,1581538198,89,-2.89,-40.12,77.56,5.7
Sainte-Anne-des-Monts,0,CA,1581538198,82,49.12,-66.49,22.87,6.38
Qandala,24,SO,1581538198,72,11.47,49.87,73.74,5.57
Tahta,0,EG,1581538198,47,26.77,31.5,57.2,4.7
Raduzhny,100,RU,1581538269,95,62.1,77.47,7.12,7.61
Luwuk,100,ID,1581538269,75,-0.95,122.79,81.03,8.75
Vitim,83,RU,1581538269,99,59.45,112.56,-12.39,4.99
Carupano,4,VE,1581538269,78,10.67,-63.26,79.56,5.35
Pangody,100,RU,1581538270,94,65.85,74.49,15.49,13.6
Lima,41,PE,1581538253,65,-12.04,-77.03,78.8,10.29
Shache,100,CN,1581538270,38,38.42,77.24,36.73,3.6
Agua Dulce,5,MX,1581538270,49,18.13,-94.13,91.4,17.22
Talnakh,75,RU,1581538270,84,69.49,88.4,8.6,29.08
Grand Forks,75,US,1581538271,62,47.93,-97.03,-13.0,20.8
Sirte,59,LY,1581538271,73,31.21,16.59,57.51,5.1
Khandyga,100,RU,1581538271,98,62.67,135.6,-19.62,2.8
Diu,5,IN,1581538271,71,20.71,70.98,75.9,9.33
Faya,5,SA,1581538271,47,18.39,42.45,57.2,5.82
Touba,90,CI,1581538272,16,8.28,-7.68,79.03,3.29
Evensk,94,RU,1581538272,76,61.95,159.23,3.65,1.68
Samarinda,100,ID,1581538272,94,-0.5,117.15,73.24,1.63
Hailey,5,US,1581538272,73,43.52,-114.32,36.0,11.41
Kamenka,100,RU,1581538273,92,51.32,42.77,25.0,14.0
Woodward,90,US,1581538080,90,36.43,-99.39,42.8,11.41
Mahibadhoo,0,MV,1581538273,78,3.78,72.97,82.69,17.98
Kyra,100,RU,1581538273,85,49.58,111.98,-1.7,6.55
Winslow,1,US,1581538273,74,35.02,-110.7,39.99,5.82
Mahabalipuram,20,IN,1581538274,78,12.63,80.17,80.01,6.93
Cayenne,20,GF,1581538274,66,4.93,-52.33,84.2,12.75
Nalut,0,LY,1581538274,17,30.33,10.85,57.78,8.28
Russellville,90,US,1581538274,86,35.28,-93.13,42.01,3.36
Gotsucho,99,JP,1581538275,80,35.0,132.22,55.33,28.92
Rawson,35,AR,1581538275,62,-43.3,-65.1,64.6,7.2
Kitgum,7,UG,1581538275,27,3.28,32.89,78.19,4.94
Boden,90,SE,1581538275,100,65.83,21.69,26.6,3.36
Trebinje,25,BA,1581538276,93,42.71,18.34,48.2,2.24
Saint-Pierre,81,RE,1581538276,74,-21.34,55.48,80.6,4.7
Gazojak,0,TM,1581538276,69,41.19,61.4,29.71,5.48
Ola,100,RU,1581538276,58,59.58,151.28,-0.99,2.71
Aksu,43,CN,1581538277,53,41.12,80.26,31.51,1.88
Bay Roberts,90,CA,1581538277,92,47.6,-53.26,30.0,25.28
Solnechnyy,99,RU,1581538277,85,50.72,136.63,9.23,2.62
Iturama,100,BR,1581537983,89,-19.73,-50.2,78.15,3.71
Point Pleasant,1,US,1581538278,39,40.08,-74.07,46.99,13.27
Yar-Sale,98,RU,1581538278,93,66.83,70.83,16.61,12.91
Itaituba,40,BR,1581538278,83,-4.28,-55.98,80.6,8.05
Prince Rupert,90,CA,1581538278,75,54.32,-130.32,41.0,20.8
Ha Tinh,23,VN,1581538279,93,18.33,105.9,70.74,7.9
Umm Lajj,0,SA,1581538279,20,25.02,37.27,63.37,4.29
Burnie,100,AU,1581538279,92,-41.07,145.92,60.01,5.99
Barcelos,75,PT,1581538158,100,41.54,-8.62,55.4,5.82
Nurota,9,UZ,1581538279,80,40.56,65.69,33.8,6.93
Cantanhede,63,BR,1581538280,95,-3.63,-44.38,78.01,3.33
Kodinsk,9,RU,1581538280,98,58.69,99.18,-5.31,4.72
Ajdabiya,69,LY,1581538350,82,30.76,20.23,62.82,11.36
Vostok,100,RU,1581538350,97,46.49,135.88,26.38,1.97
Waingapu,86,ID,1581538351,74,-9.66,120.26,82.44,9.15
Rafaela,0,AR,1581538351,27,-31.25,-61.49,93.0,3.0
Erenhot,0,CN,1581538351,69,43.65,111.98,25.03,14.81
Austin,20,US,1581538155,76,30.27,-97.74,55.99,4.7
Raja,39,SS,1581538351,15,8.46,25.68,67.24,5.84
Chapais,90,CA,1581538352,85,49.78,-74.85,24.8,17.22
Yangi Marg`ilon,90,UZ,1581538352,81,40.43,71.72,42.8,6.93
Tripoli,95,LY,1581538352,74,32.88,13.19,61.7,3.71
Xining,57,CN,1581538352,25,36.62,101.77,26.73,4.83
Paraiso,20,CR,1581538352,60,9.84,-83.87,82.4,24.16
Salinas,1,US,1581538347,39,36.68,-121.66,70.0,4.7
Polunochnoye,19,RU,1581538353,89,60.87,60.42,13.14,2.91
Awjilah,11,LY,1581538354,47,29.11,21.29,61.72,7.27
Risor,5,NO,1581538354,62,58.72,9.23,37.0,4.0
Thio,75,NC,1581538355,88,-21.62,166.22,78.8,3.36
Yichun,100,CN,1581538355,98,47.7,128.9,13.15,4.88
Pacasmayo,32,PE,1581538356,67,-7.4,-79.57,77.43,14.85
Prieska,64,ZA,1581538357,46,-29.66,22.75,75.99,5.19
Turukhansk,100,RU,1581538357,94,65.82,87.98,5.83,11.63
Kabwe,100,ZM,1581538357,98,-14.45,28.45,65.82,3.27
Omboue,100,GA,1581538358,90,-1.57,9.26,76.78,2.37
Pozo Colorado,63,PY,1581538358,40,-23.49,-58.8,93.79,7.38
San Andres,20,CO,1581538358,62,12.58,-81.7,86.0,13.87
Totness,60,SR,1581538358,77,5.88,-56.32,79.18,14.83
Egvekinot,100,RU,1581538358,97,66.32,-179.17,-0.65,2.91
Puerto Madryn,21,AR,1581538270,24,-42.77,-65.04,76.23,10.0
Nachingwea,97,TZ,1581538359,98,-10.38,38.77,71.35,3.31
Gazli,0,UZ,1581538359,65,40.13,63.45,32.52,5.84
Kolondieba,66,ML,1581538359,14,11.09,-6.89,78.69,5.28
